SNPs,"Mark Position, Mb",
rs3694533,4.02032,"4,020,320.00"
rs31289869,4.062179,"4,062,179.00"
rs6167568,6.643071,"6,643,071.00"
rs33659069,6.854121,"6,854,121.00"
rs3661373,8.130499,"8,130,499.00"
D9MIT250,8.393623,"8,393,623.00"
D9MIT2501,8.397896,"8,397,896.00"
D9Mit218,9.025264,"9,025,264.00"
rs13480065,9.290507,"9,290,507.00"
rs3719348,16.216596,"16,216,596.00"
rs13480087,18.025822,"18,025,822.00"
rs13480092,19.122362,"19,122,362.00"
rs13480103,23.408351,"23,408,351.00"
rs13480112,26.606346,"26,606,346.00"
rs13475347,26.985541,"26,985,541.00"
rs3716314,32.734196,"32,734,196.00"
rs13480130,33.291503,"33,291,503.00"
rs3655898,33.679584,"33,679,584.00"
D9Mit297,34.067544,"34,067,544.00"
rs3711756,34.458843,"34,458,843.00"
rs3659084,34.838588,"34,838,588.00"
rs30437276,35.212456,"35,212,456.00"
rs30127992,35.364085,"35,364,085.00"
rs13480141,36.947062,"36,947,062.00"
D9Mit67,37.03211,"37,032,110.00"
D9Mit91,37.242066,"37,242,066.00"
D9Mit205,37.298324,"37,298,324.00"
D9Mit2,37.394901,"37,394,901.00"
rs33763745,38.179946,"38,179,946.00"
rs30470177,39.630914,"39,630,914.00"
rs37806242,39.643574,"39,643,574.00"
rs13480150,39.724361,"39,724,361.00"
rs3679181,40.548025,"40,548,025.00"
rs3714664,40.707063,"40,707,063.00"
rs3703885,41.437992,"41,437,992.00"
rs33756006,42.33025,"42,330,250.00"
rs3675844,42.357622,"42,357,622.00"
rs48176249,42.557634,"42,557,634.00"
rs47480058,42.779419,"42,779,419.00"
rs4135590,42.988102,"42,988,102.00"
rs33706606,43.198197,"43,198,197.00"
rs30426445,43.582936,"43,582,936.00"
rs29687664,43.840732,"43,840,732.00"
rs32595056,44.142554,"44,142,554.00"
rs32600517,44.150949,"44,150,949.00"
D9Mit25,44.339897,"44,339,897.00"
rs13462199,44.636817,"44,636,817.00"
rs4227612,45.861664,"45,861,664.00"
rs33745945,46.416996,"46,416,996.00"
rs3699026,48.789607,"48,789,607.00"
rs30353028,50.528619,"50,528,619.00"
D9MIT97,50.679791,"50,679,791.00"
D9MIT971,50.752118,"50,752,118.00"
rs30443026,51.068528,"51,068,528.00"
rs3699358,51.715919,"51,715,919.00"
rs6167828,51.939407,"51,939,407.00"
rs3659314,52.043734,"52,043,734.00"
rs6234046,52.169076,"52,169,076.00"
rs13480194,52.312796,"52,312,796.00"
rs3723670,52.514797,"52,514,797.00"
rs4227650,52.673204,"52,673,204.00"
rs3685939,53.460928,"53,460,928.00"
rs29645267,53.884417,"53,884,417.00"
rs48620861,54.166347,"54,166,347.00"
rs33670508,54.195262,"54,195,262.00"
rs3680403,54.22812,"54,228,120.00"
rs29835751,54.242578,"54,242,578.00"
rs30089733,54.263674,"54,263,674.00"
rs225183040,54.268973,"54,268,973.00"
rs29736523,54.286769,"54,286,769.00"
rs13480208,55.19229,"55,192,290.00"
rs13480211,55.693874,"55,693,874.00"
rs3666398,56.586959,"56,586,959.00"
rs30136123,56.632359,"56,632,359.00"
rs30424912,56.675872,"56,675,872.00"
rs3677551,56.705334,"56,705,334.00"
rs29785790,56.728494,"56,728,494.00"
rs30437080,56.733222,"56,733,222.00"
rs30226504,56.733277,"56,733,277.00"
rs29946730,56.74215,"56,742,150.00"
rs13480214,56.849957,"56,849,957.00"
rs33726241,56.917776,"56,917,776.00"
rs13480215,57.059933,"57,059,933.00"
rs29880999,57.244188,"57,244,188.00"
rs33771359,57.245842,"57,245,842.00"
rs4227682,57.253061,"57,253,061.00"
D9MIT21,57.684209,"57,684,209.00"
rs30042362,57.740082,"57,740,082.00"
rs29737283,57.910842,"57,910,842.00"
rs4227694,58.262382,"58,262,382.00"
rs3685575,59.390443,"59,390,443.00"
rs29794257,59.714184,"59,714,184.00"
rs6224703,59.987365,"59,987,365.00"
rs33779046,60.180786,"60,180,786.00"
rs33642294,61.055651,"61,055,651.00"
rs30280752,61.069252,"61,069,252.00"
rs3714012,61.156532,"61,156,532.00"
rs4227706,62.378692,"62,378,692.00"
rs3655717,65.465163,"65,465,163.00"
D9Mit32,67.244038,"67,244,038.00"
rs6174757,68.138487,"68,138,487.00"
rs3721056,71.032447,"71,032,447.00"
rs3154890,71.291333,"71,291,333.00"
rs30145295,72.409274,"72,409,274.00"
D9MIT1231,73.664453,"73,664,453.00"
rs3724833,74.88807,"74,888,070.00"
D9Mit306,77.60538,"77,605,380.00"
rs6257131,78.662874,"78,662,874.00"
rs3668451,79.146159,"79,146,159.00"
rs4222028,79.769457,"79,769,457.00"
rs3698994,79.973229,"79,973,229.00"
rs3676124,83.120331,"83,120,331.00"
rs3700596,86.305097,"86,305,097.00"
rs13480320,86.618402,"86,618,402.00"
rs3669564,87.885543,"87,885,543.00"
rs13480340,90.683199,"90,683,199.00"
D9MIT198,91.28197,"91,281,970.00"
rs13480351,94.284388,"94,284,388.00"
rs29789189,96.025992,"96,025,992.00"
rs3689336,96.412476,"96,412,476.00"
rs3692530,98.349028,"98,349,028.00"
D9Mit182,101.528818,"101,528,818.00"
rs3717654,101.984792,"101,984,792.00"
rs13480388,104.113506,"104,113,506.00"
rs13480395,105.143603,"105,143,603.00"
rs3711089,105.491662,"105,491,662.00"
rs13480398,105.774381,"105,774,381.00"
rs29599615,105.862023,"105,862,023.00"
rs13480399,106.284924,"106,284,924.00"
rs3023231,106.888924,"106,888,924.00"
rs4227916,108.052493,"108,052,493.00"
rs13480406,108.480836,"108,480,836.00"
rs3685576,109.059378,"109,059,378.00"
D9Mit37,110.76259,"110,762,590.00"
D9MIT3501,111.40171,"111,401,710.00"
rs13480421,111.858756,"111,858,756.00"
rs3679771,112.86621,"112,866,210.00"
rs3721068,113.915009,"113,915,009.00"
rs6320810,115.155973,"115,155,973.00"
rs29829423,115.253951,"115,253,951.00"
rs33651865,115.782623,"115,782,623.00"
D9MIT201,117.436166,"117,436,166.00"
rs3669563,117.918763,"117,918,763.00"
rs3694852,119.670045,"119,670,045.00"
D9Mit152,121.81259,"121,812,590.00"
rs6304156,123.153989,"123,153,989.00"
rs3706619,123.642538,"123,642,538.00"
rs8254399,124.02928,"124,029,280.00"
